{"cameraMode":{"drawMode":0,"name":"Shaded","section":"Shading Mode"},"sceneLighting":true,"audioPlay":false,"sceneViewState":{"showFog":true,"showMaterialUpdate":false,"showSkybox":true,"showFlares":true,"showImageEffects":true,"showParticleSystems":true},"in2DMode":false,"pivot":{"x":-34.664268493652347,"y":-6.929128170013428,"z":-11.839912414550782},"rotation":{"x":0.12577329576015473,"y":-0.7758955359458923,"z":0.1636650264263153,"w":0.5961909294128418},"size":123.70319366455078,"orthographic":false}