{"cameraMode":{"drawMode":0,"name":"Shaded","section":"Shading Mode"},"sceneLighting":false,"audioPlay":false,"sceneViewState":{"showFog":true,"showMaterialUpdate":false,"showSkybox":false,"showFlares":true,"showImageEffects":true,"showParticleSystems":true},"in2DMode":false,"pivot":{"x":-2.9977262020111086,"y":-0.8963989019393921,"z":-19.414871215820314},"rotation":{"x":0.004153421148657799,"y":-0.9959142208099365,"z":0.06522458046674729,"w":0.06367470324039459},"size":25.211530685424806,"orthographic":false}