{"cameraMode":{"drawMode":0,"name":"Shaded","section":"Shading Mode"},"sceneLighting":false,"audioPlay":false,"sceneViewState":{"showFog":true,"showMaterialUpdate":false,"showSkybox":false,"showFlares":true,"showImageEffects":true,"showParticleSystems":true},"in2DMode":false,"pivot":{"x":0.5569177865982056,"y":2.1921277046203615,"z":1.5301618576049805},"rotation":{"x":-0.26012086868286135,"y":-0.6297593116760254,"z":0.23600707948207856,"w":-0.6931719779968262},"size":9.371431350708008,"orthographic":false}