{"cameraMode":{"drawMode":0,"name":"Shaded","section":"Shading Mode"},"sceneLighting":false,"audioPlay":false,"sceneViewState":{"showFog":true,"showMaterialUpdate":false,"showSkybox":false,"showFlares":true,"showImageEffects":true,"showParticleSystems":true},"in2DMode":false,"pivot":{"x":0.3700047731399536,"y":0.9804977178573608,"z":-1.071615219116211},"rotation":{"x":0.45167434215545657,"y":0.36188843846321108,"z":-0.20591609179973603,"w":0.7893885374069214},"size":3.9318385124206545,"orthographic":false}