{"cameraMode":{"drawMode":0,"name":"Shaded","section":"Shading Mode"},"sceneLighting":false,"audioPlay":false,"sceneViewState":{"showFog":true,"showMaterialUpdate":false,"showSkybox":false,"showFlares":true,"showImageEffects":true,"showParticleSystems":true},"in2DMode":false,"pivot":{"x":-2.66200590133667,"y":1.771923542022705,"z":-5.9108076095581059},"rotation":{"x":0.21609647572040559,"y":0.0239705890417099,"z":-0.004309135023504496,"w":0.9763367772102356},"size":4.540038108825684,"orthographic":false}