{"cameraMode":{"drawMode":0,"name":"Shaded","section":"Shading Mode"},"sceneLighting":false,"audioPlay":false,"sceneViewState":{"showFog":true,"showMaterialUpdate":false,"showSkybox":false,"showFlares":true,"showImageEffects":true,"showParticleSystems":true},"in2DMode":false,"pivot":{"x":-14.711437225341797,"y":-0.13304395973682404,"z":-5.873490810394287},"rotation":{"x":-0.06717713177204132,"y":0.810747504234314,"z":-0.09402879327535629,"w":-0.5741434097290039},"size":21.414148330688478,"orthographic":false}