{"cameraMode":{"drawMode":0,"name":"Shaded","section":"Shading Mode"},"sceneLighting":false,"audioPlay":false,"sceneViewState":{"showFog":true,"showMaterialUpdate":false,"showSkybox":false,"showFlares":true,"showImageEffects":true,"showParticleSystems":true},"in2DMode":false,"pivot":{"x":-9.561666488647461,"y":-2.63508939743042,"z":2.404965877532959},"rotation":{"x":-0.1570313423871994,"y":0.6015148162841797,"z":-0.12142933160066605,"w":-0.7740030884742737},"size":16.63723373413086,"orthographic":false}