{"cameraMode":{"drawMode":0,"name":"Shaded","section":"Shading Mode"},"sceneLighting":false,"audioPlay":false,"sceneViewState":{"showFog":true,"showMaterialUpdate":false,"showSkybox":false,"showFlares":true,"showImageEffects":true,"showParticleSystems":true},"in2DMode":false,"pivot":{"x":-2.7222182750701906,"y":2.1384310722351076,"z":-5.873340129852295},"rotation":{"x":0.1153036504983902,"y":0.07637421041727066,"z":-0.00790253933519125,"w":0.9906216859817505},"size":1.2400381565093995,"orthographic":false}