{"cameraMode":{"drawMode":0,"name":"Shaded","section":"Shading Mode"},"sceneLighting":true,"audioPlay":false,"sceneViewState":{"showFog":true,"showMaterialUpdate":false,"showSkybox":true,"showFlares":true,"showImageEffects":true,"showParticleSystems":true},"in2DMode":false,"pivot":{"x":-11.655343055725098,"y":2.7832348346710207,"z":-26.640533447265626},"rotation":{"x":-0.14510376751422883,"y":0.4947271943092346,"z":-0.08373469114303589,"w":-0.8529133200645447},"size":4.041658401489258,"orthographic":false}