{"cameraMode":{"drawMode":0,"name":"Shaded","section":"Shading Mode"},"sceneLighting":true,"audioPlay":false,"sceneViewState":{"showFog":true,"showMaterialUpdate":false,"showSkybox":true,"showFlares":true,"showImageEffects":true,"showParticleSystems":true},"in2DMode":false,"pivot":{"x":-3.9129445552825929,"y":2.0554211139678957,"z":-11.44911003112793},"rotation":{"x":0.16233064234256745,"y":-0.6890153288841248,"z":0.16271062195301057,"w":0.6873500943183899},"size":36.17147445678711,"orthographic":false}