{"cameraMode":{"drawMode":0,"name":"Shaded","section":"Shading Mode"},"sceneLighting":false,"audioPlay":false,"sceneViewState":{"showFog":true,"showMaterialUpdate":false,"showSkybox":false,"showFlares":true,"showImageEffects":true,"showParticleSystems":true},"in2DMode":false,"pivot":{"x":-9.581268310546875,"y":-2.6059389114379885,"z":2.3782215118408205},"rotation":{"x":-0.1570313423871994,"y":0.6015148162841797,"z":-0.12142933160066605,"w":-0.7740030884742737},"size":14.52698802947998,"orthographic":false}