{"cameraMode":{"drawMode":0,"name":"Shaded","section":"Shading Mode"},"sceneLighting":false,"audioPlay":false,"sceneViewState":{"showFog":true,"showMaterialUpdate":false,"showSkybox":false,"showFlares":true,"showImageEffects":true,"showParticleSystems":true},"in2DMode":false,"pivot":{"x":1.3307455778121949,"y":1.5765514373779297,"z":-0.8705460429191589},"rotation":{"x":0.16597889363765717,"y":0.671038031578064,"z":-0.15819117426872254,"w":0.7053607702255249},"size":4.3706374168396,"orthographic":false}