{"cameraMode":{"drawMode":0,"name":"Shaded","section":"Shading Mode"},"sceneLighting":false,"audioPlay":false,"sceneViewState":{"showFog":true,"showMaterialUpdate":false,"showSkybox":false,"showFlares":true,"showImageEffects":true,"showParticleSystems":true},"in2DMode":false,"pivot":{"x":-0.5988059043884277,"y":1.7949339151382447,"z":-2.2730016708374025},"rotation":{"x":0.014839149080216885,"y":-0.9804665446281433,"z":0.08198534697294235,"w":0.17921806871891023},"size":10.420689582824707,"orthographic":false}