{"cameraMode":{"drawMode":0,"name":"Shaded","section":"Shading Mode"},"sceneLighting":true,"audioPlay":false,"sceneViewState":{"showFog":true,"showMaterialUpdate":false,"showSkybox":true,"showFlares":true,"showImageEffects":true,"showParticleSystems":true},"in2DMode":false,"pivot":{"x":-8.143762588500977,"y":-5.087485313415527,"z":-5.4816179275512699},"rotation":{"x":0.2838155925273895,"y":-0.6627326607704163,"z":0.3015209138393402,"w":0.6240949034690857},"size":84.0007095336914,"orthographic":false}