{"cameraMode":{"drawMode":0,"name":"Shaded","section":"Shading Mode"},"sceneLighting":true,"audioPlay":false,"sceneViewState":{"showFog":true,"showMaterialUpdate":false,"showSkybox":true,"showFlares":true,"showImageEffects":true,"showParticleSystems":true},"in2DMode":false,"pivot":{"x":10.328908920288086,"y":-28.975923538208009,"z":44.206790924072269},"rotation":{"x":0.35741230845451357,"y":-0.06457456946372986,"z":0.02410232648253441,"w":0.93157958984375},"size":100.05404663085938,"orthographic":false}