{"cameraMode":{"drawMode":0,"name":"Shaded","section":"Shading Mode"},"sceneLighting":false,"audioPlay":false,"sceneViewState":{"showFog":true,"showMaterialUpdate":false,"showSkybox":false,"showFlares":true,"showImageEffects":true,"showParticleSystems":true},"in2DMode":false,"pivot":{"x":3.20001220703125,"y":5.165158748626709,"z":2.70001220703125},"rotation":{"x":-0.11702565103769303,"y":0.6015599966049194,"z":-0.08957192301750183,"w":-0.7852266430854797},"size":264.29986572265627,"orthographic":false}