{"cameraMode":{"drawMode":0,"name":"Shaded","section":"Shading Mode"},"sceneLighting":false,"audioPlay":false,"sceneViewState":{"showFog":true,"showMaterialUpdate":false,"showSkybox":false,"showFlares":true,"showImageEffects":true,"showParticleSystems":true},"in2DMode":false,"pivot":{"x":7.59668493270874,"y":-3.5577473640441896,"z":5.66375207901001},"rotation":{"x":-0.16924983263015748,"y":-0.44110292196273806,"z":0.08561982959508896,"w":-0.8773579597473145},"size":10.869880676269532,"orthographic":false}