{"cameraMode":{"drawMode":0,"name":"Shaded","section":"Shading Mode"},"sceneLighting":false,"audioPlay":false,"sceneViewState":{"showFog":true,"showMaterialUpdate":false,"showSkybox":false,"showFlares":true,"showImageEffects":true,"showParticleSystems":true},"in2DMode":false,"pivot":{"x":7.605563640594482,"y":0.5857800245285034,"z":4.385674476623535},"rotation":{"x":-0.08938773721456528,"y":-0.49936190247535708,"z":0.052432384341955188,"w":-0.8603511452674866},"size":12.058929443359375,"orthographic":false}