{"cameraMode":{"drawMode":0,"name":"Shaded","section":"Shading Mode"},"sceneLighting":true,"audioPlay":false,"sceneViewState":{"showFog":true,"showMaterialUpdate":false,"showSkybox":true,"showFlares":true,"showImageEffects":true,"showParticleSystems":true},"in2DMode":false,"pivot":{"x":-28.111268997192384,"y":-6.898219108581543,"z":-20.553478240966798},"rotation":{"x":0.28692689538002016,"y":-0.5566605925559998,"z":0.21301408112049104,"w":0.7500783801078796},"size":29.51470947265625,"orthographic":false}