{"cameraMode":{"drawMode":0,"name":"Shaded","section":"Shading Mode"},"sceneLighting":true,"audioPlay":false,"sceneViewState":{"showFog":true,"showMaterialUpdate":false,"showSkybox":true,"showFlares":true,"showImageEffects":true,"showParticleSystems":true},"in2DMode":false,"pivot":{"x":-31.987709045410158,"y":-18.442890167236329,"z":1.2827935218811036},"rotation":{"x":0.2519703805446625,"y":-0.6110931634902954,"z":0.2154090404510498,"w":0.7191571593284607},"size":52.89668655395508,"orthographic":false}