{"cameraMode":{"drawMode":0,"name":"Shaded","section":"Shading Mode"},"sceneLighting":false,"audioPlay":false,"sceneViewState":{"showFog":true,"showMaterialUpdate":false,"showSkybox":false,"showFlares":true,"showImageEffects":true,"showParticleSystems":true},"in2DMode":false,"pivot":{"x":-3.714139461517334,"y":1.1656947135925294,"z":-4.83333158493042},"rotation":{"x":0.02383570186793804,"y":0.9336821436882019,"z":-0.06023309752345085,"w":0.35293370485305788},"size":3.940037727355957,"orthographic":false}