{"cameraMode":{"drawMode":0,"name":"Shaded","section":"Shading Mode"},"sceneLighting":false,"audioPlay":false,"sceneViewState":{"showFog":true,"showMaterialUpdate":false,"showSkybox":false,"showFlares":true,"showImageEffects":true,"showParticleSystems":true},"in2DMode":false,"pivot":{"x":-14.800000190734864,"y":2.9289660453796388,"z":-1.3969999551773072},"rotation":{"x":0.3961067497730255,"y":0.26508477330207827,"z":-0.1205826997756958,"w":0.8708112835884094},"size":6.669259071350098,"orthographic":false}