{"cameraMode":{"drawMode":0,"name":"Shaded","section":"Shading Mode"},"sceneLighting":false,"audioPlay":false,"sceneViewState":{"showFog":true,"showMaterialUpdate":false,"showSkybox":false,"showFlares":true,"showImageEffects":true,"showParticleSystems":true},"in2DMode":false,"pivot":{"x":10.989568710327149,"y":-2.170400381088257,"z":4.727837562561035},"rotation":{"x":-0.12389352172613144,"y":-0.5529419183731079,"z":0.08413100987672806,"w":-0.8198374509811401},"size":17.358856201171876,"orthographic":false}