{"cameraMode":{"drawMode":0,"name":"Shaded","section":"Shading Mode"},"sceneLighting":true,"audioPlay":false,"sceneViewState":{"showFog":true,"showMaterialUpdate":false,"showSkybox":true,"showFlares":true,"showImageEffects":true,"showParticleSystems":true},"in2DMode":false,"pivot":{"x":-19.646472930908204,"y":1.52351713180542,"z":8.591715812683106},"rotation":{"x":0.019585151225328447,"y":0.9734136462211609,"z":-0.20931777358055116,"w":0.09108524769544602},"size":22.0,"orthographic":false}