{"cameraMode":{"drawMode":0,"name":"Shaded","section":"Shading Mode"},"sceneLighting":true,"audioPlay":false,"sceneViewState":{"showFog":true,"showMaterialUpdate":false,"showSkybox":true,"showFlares":true,"showImageEffects":true,"showParticleSystems":true},"in2DMode":false,"pivot":{"x":-12.839838981628418,"y":4.026978015899658,"z":-20.874849319458009},"rotation":{"x":-0.11271259188652039,"y":0.4210965633392334,"z":-0.05285544693470001,"w":-0.8984844088554382},"size":8.072813987731934,"orthographic":false}