{"cameraMode":{"drawMode":0,"name":"Shaded","section":"Shading Mode"},"sceneLighting":true,"audioPlay":false,"sceneViewState":{"showFog":true,"showMaterialUpdate":false,"showSkybox":true,"showFlares":true,"showImageEffects":true,"showParticleSystems":true},"in2DMode":false,"pivot":{"x":22.78921127319336,"y":1.9867959022521973,"z":17.378570556640626},"rotation":{"x":0.30464935302734377,"y":0.12414949387311936,"z":-0.040041156113147739,"w":0.9435356259346008},"size":8.072813987731934,"orthographic":false}